Search Query,Bike Name,Price,Section Title,Section Data
Honda bike,Honda Activa 6G,"Rs.2,627",Engine and Transmission,"{'Engine Type': 'Fan Cooled, 4 Stroke, SI Engine', 'Displacement': '109.51 cc', 'Max Torque': '8.90 Nm @ 5500 rpm', 'No. of Cylinders': '1', 'Cooling System': 'Air Cooled', 'Valve Per Cylinder': '2', 'Starting': 'Kick and Self Start', 'Fuel Supply': 'Fuel Injection', 'Clutch': 'Automatic', 'Gear Box': 'CVT', 'Bore': '47 mm', 'Stroke': '63.1 mm', 'Compression Ratio': '10.0:1', 'Emission Type': 'bs6-2.0'}"
Honda bike,Honda Activa 6G,"Rs.2,627",Features,"{'Bluetooth Connectivity': 'Bluetooth', 'Speedometer': 'Analogue', 'Techometer': 'Analogue', 'Tripmeter': 'Analogue', 'Odometer': 'Analogue', 'Shutter Lock': 'Yes', 'Additional Features Of Variant': 'Smart Key, H-Smart, Silent Start with ACG, Engine start Switch, ESP Technology, Seat length - 692 mm, Multi Function Unit', 'Seat Type': 'Single', 'Clock': 'Yes', 'Passenger Footrest': 'Yes', 'Carry hook': 'Yes', 'Underseat storage': 'Yes'}"
Honda bike,Honda Activa 6G,"Rs.2,627",Features and Safety,"{'Braking Type': 'Combi Brake System', 'Shutter Lock': 'Yes', 'Seat Opening Switch': 'Yes', 'Speedometer': 'Analogue', 'External Fuel Filling': 'Yes', 'Tachometer': 'Analogue', 'Odometer': 'Analogue', 'Tripmeter': 'Analogue', 'Pass Switch': 'Yes', 'Clock': 'Yes', 'Additional Features': 'Smart Key, H-Smart, Silent Start with ACG, Engine start Switch, ESP Technology, Seat length - 692 mm, Multi Function Unit', 'Carry Hook': 'Yes', 'Passenger Footrest': 'Yes'}"
Honda bike,Honda Activa 6G,"Rs.2,627",Mileage and Performance,{'Overall Mileage': '50 kmpl'}
Honda bike,Honda Activa 6G,"Rs.2,627",Dimensions and Capacity,"{'Boot Space': 'Yes', 'Width': '697 mm', 'Length': '1833 mm', 'Height': '1156 mm', 'Fuel Capacity': '5.3 L', 'Ground Clearance': '162 mm', 'Wheelbase': '1260 mm', 'Kerb Weight': '105 kg', 'Additional Storage': 'Yes'}"
Honda bike,Honda Activa 6G,"Rs.2,627",Electricals,"{'Headlight': 'LED', 'Tail Light': 'Bulb', 'Turn Signal Lamp': 'Bulb', 'Low Fuel Indicator': 'Yes'}"
Honda bike,Honda Activa 6G,"Rs.2,627",Tyres and Brakes,"{'Front Brake Diameter': '130 mm', 'Rear Brake Diameter': '130 mm', 'Radial Tyre': 'Yes', 'Front Tyre Pressure (Rider)': '22 psi', 'Front Tyre Pressure (Rider & Pillion)': '22 psi', 'Rear Tyre Pressure (Rider)': '29 psi', 'Rear Tyre Pressure (Rider & Pillion)': '36 psi'}"
Honda bike,Honda Activa 6G,"Rs.2,627",Motor & Battery,"{'Peak Power': '7.84 PS @ 8000 rpm', 'Drive Type': 'Belt Drive', 'Transmission': 'Automatic'}"
Honda bike,Honda Activa 6G,"Rs.2,627",Underpinnings,"{'Suspension Front': 'Telescopic', 'Suspension Rear': '3-Step Adjustable Spring Loaded Hydraulic', 'Brakes Front': 'Drum', 'Brakes Rear': 'Drum', 'Tyre Size': 'Front :-90/90-12, Rear :-90/100-10', 'Wheel Size': 'Front :-304.8 mm,Rear :-254 mm', 'Wheels Type': 'Alloy', 'Frame': 'Under Bone', 'Tubeless Tyre': 'Tubeless'}"
Honda bike,Honda SP 125,"Rs.2,938",Engine and Transmission,"{'Engine Type': '4 stroke, SI Engine', 'Displacement': '123.94 cc', 'Max Torque': '10.9 Nm @ 6000 rpm', 'No. of Cylinders': '1', 'Starting': 'Kick and Self Start', 'Fuel Supply': 'Fuel Injection', 'Clutch': 'Multiple Wet Clutch', 'Gear Box': '5 Speed', 'Bore': '50 mm', 'Stroke': '63.1 mm', 'Compression Ratio': '10.0:1', 'Emission Type': 'bs6-2.0'}"
Honda bike,Honda SP 125,"Rs.2,938",Features,"{'Speedometer': 'Digital', 'Odometer': 'Digital', 'Additional Features Of Variant': 'Silent Start with ACG, Gear position Indicator, Eco Indicator.', 'Seat Type': 'Single', 'Body Graphics': 'Yes', 'Clock': 'Yes', 'Passenger Footrest': 'Yes', 'Average Fuel economy Indicator': 'Yes', 'Distance to Empty Indicator': 'Yes'}"
Honda bike,Honda SP 125,"Rs.2,938",Features and Safety,"{'Braking Type': 'Combi Brake System', 'Service Due Indicator': 'Yes', 'Speedometer': 'Digital', 'Odometer': 'Digital', 'Fuel Gauge': 'Digital', 'Pass Switch': 'Yes', 'Clock': 'Yes', 'Additional Features': 'Silent Start with ACG, Gear position Indicator, Eco Indicator.', 'Passenger Footrest': 'Yes', 'Engine Kill Switch': 'Yes'}"
Honda bike,Honda SP 125,"Rs.2,938",Mileage and Performance,{'Overall Mileage': '60 kmpl'}
Honda bike,Honda SP 125,"Rs.2,938",Chassis and Suspension,"{'Body Type': 'Commuter Bikes', 'Body Graphics': 'Yes'}"
Honda bike,Honda SP 125,"Rs.2,938",Dimensions and Capacity,"{'Width': '785 mm', 'Length': '2020 mm', 'Height': '1103 mm', 'Fuel Capacity': '11.2 L', 'Saddle Height': '790 mm', 'Ground Clearance': '160 mm', 'Wheelbase': '1285 mm', 'Kerb Weight': '116 kg'}"
Honda bike,Honda SP 125,"Rs.2,938",Electricals,"{'Headlight': 'LED', 'Tail Light': 'Bulb', 'Turn Signal Lamp': 'Bulb', 'Low Fuel Indicator': 'Yes', 'Distance to Empty Indicator': 'Yes', 'Average Fuel economy Indicator': 'Yes'}"
Honda bike,Honda SP 125,"Rs.2,938",Tyres and Brakes,"{'Front Brake Diameter': '240 mm', 'Rear Brake Diameter': '130 mm', 'Front Tyre Pressure (Rider)': '25 psi', 'Front Tyre Pressure (Rider & Pillion)': '25 psi', 'Rear Tyre Pressure (Rider)': '33 psi', 'Rear Tyre Pressure (Rider & Pillion)': '41 psi'}"
Honda bike,Honda SP 125,"Rs.2,938",Motor & Battery,"{'Peak Power': '10.87 PS @ 7500 rpm', 'Drive Type': 'Chain Drive', 'Transmission': 'Manual'}"
Honda bike,Honda SP 125,"Rs.2,938",Underpinnings,"{'Suspension Front': 'Telescopic', 'Suspension Rear': 'Hydraulic Type', 'Brakes Front': 'Disc', 'Brakes Rear': 'Drum', 'Tyre Size': 'Front :-80/100-18 Rear :-100/80-18', 'Wheel Size': 'Front :-457.2 mm,Rear :-457.2 mm', 'Wheels Type': 'Alloy', 'Frame': 'Diamond Type', 'Tubeless Tyre': 'Tubeless'}"
Honda bike,Honda Shine,"Rs.2,752",Engine and Transmission,"{'Engine Type': '4 Stroke, SI, BS-VI Engine', 'Displacement': '123.94 cc', 'Max Torque': '11 Nm @ 6000 rpm', 'No. of Cylinders': '1', 'Cooling System': 'Air Cooled', 'Valve Per Cylinder': '2', 'Starting': 'Kick and Self Start', 'Fuel Supply': 'Fuel Injection', 'Clutch': 'Multiplate Wet Clutch', 'Gear Box': '5 Speed', 'Bore': '50 mm', 'Stroke': '63.1 mm', 'Compression Ratio': '10±0.2', 'Emission Type': 'bs6-2.0'}"
Honda bike,Honda Shine,"Rs.2,752",Features,"{'Instrument Console': 'Analogue', 'Speedometer': 'Analogue', 'Odometer': 'Analogue', 'Additional Features Of Variant': 'Honda Eco Technology, Enhanced Smart Power, Silent start with ACG, Side Stand Engine Cut-Off', 'Seat Type': 'Single', 'Handle Type': 'Single Piece', 'Body Graphics': 'Yes', 'Passenger Footrest': 'Yes'}"
Honda bike,Honda Shine,"Rs.2,752",Features and Safety,"{'Braking Type': 'Combi Brake System', 'Speedometer': 'Analogue', 'Odometer': 'Analogue', 'Pass Switch': 'Yes', 'Additional Features': 'Honda Eco Technology, Enhanced Smart Power, Silent start with ACG, Side Stand Engine Cut-Off', 'Passenger Footrest': 'Yes', 'Engine Kill Switch': 'Yes'}"
Honda bike,Honda Shine,"Rs.2,752",Mileage and Performance,{'Overall Mileage': '55 kmpl'}
Honda bike,Honda Shine,"Rs.2,752",Chassis and Suspension,"{'Body Type': 'Commuter Bikes', 'Body Graphics': 'Yes'}"
Honda bike,Honda Shine,"Rs.2,752",Dimensions and Capacity,"{'Width': '737 mm', 'Length': '2046 mm', 'Height': '1116 mm', 'Fuel Capacity': '10.5 L', 'Saddle Height': '791 mm', 'Ground Clearance': '162 mm', 'Wheelbase': '1285 mm', 'Kerb Weight': '114 kg'}"
Honda bike,Honda Shine,"Rs.2,752",Electricals,"{'Headlight': 'Halogen', 'Tail Light': 'Bulb', 'Turn Signal Lamp': 'Bulb', 'Low Fuel Indicator': 'Yes'}"
Honda bike,Honda Shine,"Rs.2,752",Tyres and Brakes,"{'Front Brake Diameter': '240 mm', 'Rear Brake Diameter': '130 mm', 'Radial Tyre': 'Yes'}"
Honda bike,Honda Shine,"Rs.2,752",Motor & Battery,"{'Peak Power': '10.74 PS @ 7500 rpm', 'Drive Type': 'Chain Drive', 'Transmission': 'Manual'}"
Honda bike,Honda Shine,"Rs.2,752",Underpinnings,"{'Suspension Front': 'Telescopic', 'Suspension Rear': 'Hydraulic Type', 'Brakes Front': 'Disc', 'Brakes Rear': 'Drum', 'Tyre Size': 'Front :-80/100-18, Rear :- 80/100-18', 'Wheel Size': 'Front :-457.2 mm,Rear :-457.2 mm', 'Wheels Type': 'Alloy', 'Frame': 'Diamond', 'Tubeless Tyre': 'Tubeless'}"
Honda bike,Honda Activa 125,"Rs.2,752",Engine and Transmission,"{'Engine Type': '4 Stroke, BS-VI Engine', 'Displacement': '124 cc', 'Max Torque': '10.4 Nm @ 5000 rpm', 'No. of Cylinders': '1', 'Cooling System': 'Air Cooled', 'Valve Per Cylinder': '2', 'Starting': 'Self Start Only,Remote Start', 'Fuel Supply': 'Fuel Injection', 'Clutch': 'Automatic', 'Gear Box': 'CVT', 'Bore': '50 mm', 'Stroke': '63.113 mm', 'Compression Ratio': '10.0:1', 'Emission Type': 'bs6-2.0'}"
Honda bike,Honda Activa 125,"Rs.2,752",Features,"{'Instrument Console': 'Digital', 'Speedometer': 'Digital', 'Tripmeter': 'Digital', 'Odometer': 'Digital', 'Shutter Lock': 'Yes', 'Additional Features Of Variant': 'Seat Length - 712 mm, Viscous paper filter, Glove box, Position lamp, Smart find, Smart safe, Smart unlock,', 'Seat Type': 'Single', 'Passenger Footrest': 'Yes', 'Carry hook': 'Yes', 'Underseat storage': 'Yes', 'Average Fuel economy Indicator': 'Yes', 'Distance to Empty Indicator': 'Yes'}"
Honda bike,Honda Activa 125,"Rs.2,752",Features and Safety,"{'Shutter Lock': 'Yes', 'Seat Opening Switch': 'Yes', 'Speedometer': 'Digital', 'External Fuel Filling': 'Yes', 'Odometer': 'Digital', 'Tripmeter': 'Digital', 'Fuel Gauge': 'Digital', 'Pass Switch': 'Yes', 'Additional Features': 'Seat Length - 712 mm, Viscous paper filter, Glove box, Position lamp, Smart find, Smart safe, Smart unlock,', 'Carry Hook': 'Yes', 'Passenger Footrest': 'Yes', 'Engine Kill Switch': 'Yes', 'Real Time Mileage Indicator': 'Yes'}"
Honda bike,Honda Activa 125,"Rs.2,752",Mileage and Performance,"{'ARAI Mileage': '60 kmpl', 'City Mileage': '51.23 kmpl', 'Highway Mileage': '66.8 kmpl', 'Acceleration (0-80 Kmph)': '15.60 s', 'Quarter Mile': '22.90 s @ 90.25 kmph', 'Braking (60-0 Kmph)': '18.94m'}"
Honda bike,Honda Activa 125,"Rs.2,752",Dimensions and Capacity,"{'Width': '707 mm', 'Length': '1850 mm', 'Height': '1170 mm', 'Fuel Capacity': '5.3 L', 'Ground Clearance': '162 mm', 'Wheelbase': '1260 mm', 'Kerb Weight': '109 kg', 'Additional Storage': 'Yes'}"
Honda bike,Honda Activa 125,"Rs.2,752",Electricals,"{'Headlight': 'LED', 'Tail Light': 'LED', 'Turn Signal Lamp': 'Bulb', 'LED Tail Lights': 'Yes', 'Low Fuel Indicator': 'Yes', 'Distance to Empty Indicator': 'Yes', 'Average Fuel economy Indicator': 'Yes', 'Pilot Lamps': 'Yes'}"
Honda bike,Honda Activa 125,"Rs.2,752",Tyres and Brakes,"{'Front Brake Diameter': '190 mm', 'Rear Brake Diameter': '130 mm', 'Front Tyre Pressure (Rider)': '22 psi', 'Front Tyre Pressure (Rider & Pillion)': '22 psi', 'Rear Tyre Pressure (Rider)': '29 psi', 'Rear Tyre Pressure (Rider & Pillion)': '36 psi'}"
Honda bike,Honda Activa 125,"Rs.2,752",Performance,"{'0-40 Kmph (sec)': '4.07 s', 'Top Speed': '94 kmph'}"
Honda bike,Honda Activa 125,"Rs.2,752",Motor & Battery,"{'Peak Power': '8.30 PS @ 6250 rpm', 'Drive Type': 'Belt Drive', 'Battery Capacity': '12V / 5AH', 'Transmission': 'Automatic'}"
Honda bike,Honda Activa 125,"Rs.2,752",Underpinnings,"{'Suspension Front': 'Telescopic', 'Suspension Rear': '3-Step Adjustable Spring Loaded Hydraulic', 'Brakes Front': 'Disc', 'Brakes Rear': 'Drum', 'Tyre Size': 'Front :-90/90-12 Rear :-90/100-10', 'Wheel Size': 'Front :-304.8 mm,Rear :-254 mm', 'Wheels Type': 'Alloy', 'Frame': 'Under Bone', 'Tubeless Tyre': 'Tubeless'}"
Honda bike,Honda Dio,"Rs.2,422",Engine and Transmission,"{'Engine Type': '4 Stroke, SI Engine', 'Displacement': '109.51 cc', 'Max Torque': '9.03 Nm @ 5250 rpm', 'No. of Cylinders': '1', 'Valve Per Cylinder': '2', 'Starting': 'Self Start Only,Remote Start', 'Fuel Supply': 'Fuel Injection', 'Clutch': 'Automatic Centrifugal Clutch Dry Type', 'Bore': '47 mm', 'Stroke': '63.121 mm', 'Compression Ratio': '10.0:1', 'Emission Type': 'bs6-2.0'}"
Honda bike,Honda Dio,"Rs.2,422",Features,"{'Instrument Console': 'Digital', 'Speedometer': 'Digital', 'Techometer': 'Digital', 'Tripmeter': 'Digital', 'Odometer': 'Digital', 'Additional Features Of Variant': 'Smart Key Indicator, Battery Indicator, 3 Step Eco Indicator, LED Position Light, Seat Length - 650 mm, Front Pocket, Smart Switch, Stylish Muffler Protector, Split Grabrail, Retractable Pillion Foot Step, eSP Technology, Silent Start Wth ACG, Side Stand Engine Cutoff (Optional)', 'Seat Type': 'Single', 'Passenger Footrest': 'Yes', 'Carry hook': 'Yes', 'Underseat storage': 'Yes', 'Average Fuel economy Indicator': 'Yes', 'Distance to Empty Indicator': 'Yes'}"
Honda bike,Honda Dio,"Rs.2,422",Features and Safety,"{'Service Due Indicator': 'Yes', 'External Fuel Filling': 'Yes', 'Pass Switch': 'Yes', 'Additional Features': 'Smart Key Indicator, Battery Indicator, 3 Step Eco Indicator, LED Position Light, Seat Length - 650 mm, Front Pocket, Smart Switch, Stylish Muffler Protector, Split Grabrail, Retractable Pillion Foot Step, eSP Technology, Silent Start Wth ACG, Side Stand Engine Cutoff (Optional)', 'Carry Hook': 'Yes', 'Passenger Footrest': 'Yes', 'Engine Kill Switch': 'Yes', 'Real Time Mileage Indicator': 'Yes'}"
Honda bike,Honda Dio,"Rs.2,422",Mileage and Performance,{'Overall Mileage': '50 kmpl'}
Honda bike,Honda Dio,"Rs.2,422",Dimensions and Capacity,"{'Width': '723 mm', 'Length': '1808 mm', 'Height': '1150 mm', 'Fuel Capacity': '5.3 L', 'Saddle Height': '765 mm', 'Ground Clearance': '160 mm', 'Wheelbase': '1260 mm', 'Kerb Weight': '103 kg', 'Additional Storage': 'Yes'}"
Honda bike,Honda Dio,"Rs.2,422",Electricals,"{'Headlight': 'LED', 'Tail Light': 'Bulb', 'Turn Signal Lamp': 'Bulb', 'Low Fuel Indicator': 'Yes', 'Distance to Empty Indicator': 'Yes', 'Average Fuel economy Indicator': 'Yes'}"
Honda bike,Honda Dio,"Rs.2,422",Tyres and Brakes,"{'Front Brake Diameter': '130 mm', 'Rear Brake Diameter': '130 mm'}"
Honda bike,Honda Dio,"Rs.2,422",Motor & Battery,"{'Peak Power': '7.85 PS @ 8000 rpm', 'Drive Type': 'Belt Drive', 'Battery Capacity': '12V / 3AH', 'Transmission': 'Automatic'}"
Honda bike,Honda Dio,"Rs.2,422",Underpinnings,"{'Suspension Front': 'Telescopic', 'Suspension Rear': 'Unit Swing', 'Brakes Front': 'Drum', 'Brakes Rear': 'Drum', 'Tyre Size': 'Front :-90/90-12, Rear :-90/100-10', 'Wheel Size': 'Front :-304.8 mm,Rear :-254 mm', 'Wheels Type': 'Alloy', 'Frame': 'Underbone', 'Tubeless Tyre': 'Tubeless'}"
Honda bike,Honda Unicorn,"Rs.3,825",Engine and Transmission,"{'Engine Type': '4 stroke, SI, BS-VI Engine', 'Displacement': '162.7 cc', 'Max Torque': '14 Nm @ 5500 rpm', 'No. of Cylinders': '1', 'Cooling System': 'Air Cooled', 'Valve Per Cylinder': '2', 'Starting': 'Kick and Self Start', 'Fuel Supply': 'Fuel Injection', 'Clutch': 'Multiplate Wet Clutch', 'Gear Box': '5 Speed', 'Bore': '57.3 mm', 'Stroke': '63.1 mm', 'Compression Ratio': '10±0.2', 'Emission Type': 'bs6-2.0'}"
Honda bike,Honda Unicorn,"Rs.3,825",Features,"{'Speedometer': 'Analogue', 'Techometer': 'Analogue', 'Tripmeter': 'Analogue', 'Odometer': 'Analogue', 'Additional Features Of Variant': '3D Wing Mark, Honda Eco Technology, Side Stand Engine Cut off, Seat Length - 715 mm', 'Seat Type': 'Single', 'Stepup Seat': 'With Long Seat', 'Passenger Footrest': 'Yes'}"
Honda bike,Honda Unicorn,"Rs.3,825",Features and Safety,"{'Speedometer': 'Analogue', 'Tachometer': 'Analogue', 'Odometer': 'Analogue', 'Tripmeter': 'Analogue', 'Fuel Gauge': 'Analog', 'Additional Features': '3D Wing Mark, Honda Eco Technology, Side Stand Engine Cut off, Seat Length - 715 mm', 'Stepup Seat': 'With Long Seat', 'Passenger Footrest': 'Yes', 'Engine Kill Switch': 'Yes'}"
Honda bike,Honda Unicorn,"Rs.3,825",Mileage and Performance,{'Overall Mileage': '60 kmpl'}
Honda bike,Honda Unicorn,"Rs.3,825",Chassis and Suspension,{'Body Type': 'Commuter Bikes'}
Honda bike,Honda Unicorn,"Rs.3,825",Dimensions and Capacity,"{'Width': '756 mm', 'Length': '2081 mm', 'Height': '1103 mm', 'Fuel Capacity': '13 L', 'Saddle Height': '798 mm', 'Ground Clearance': '187 mm', 'Wheelbase': '1335 mm', 'Kerb Weight': '140 kg'}"
Honda bike,Honda Unicorn,"Rs.3,825",Electricals,"{'Headlight': 'Halogen', 'Tail Light': 'Bulb', 'Turn Signal Lamp': 'Bulb', 'Low Fuel Indicator': 'Yes'}"
Honda bike,Honda Unicorn,"Rs.3,825",Tyres and Brakes,"{'Front Brake Diameter': '240 mm', 'Rear Brake Diameter': '130 mm'}"
Honda bike,Honda Unicorn,"Rs.3,825",Motor & Battery,"{'Peak Power': '12.91 PS @ 7500 rpm', 'Drive Type': 'Chain Drive', 'Battery Type': 'Lead Acid', 'Transmission': 'Manual'}"
Honda bike,Honda Unicorn,"Rs.3,825",Underpinnings,"{'Suspension Front': 'Telescopic', 'Suspension Rear': 'Hydraulic Type (Monoshock)', 'Brakes Front': 'Disc', 'Brakes Rear': 'Drum', 'ABS': 'Single Channel', 'Tyre Size': 'Front :-80/100-18 Rear :-100/90-18', 'Wheel Size': 'Front :-457.2 mm,Rear :-457.2 mm', 'Wheels Type': 'Alloy', 'Frame': 'Diamond Type', 'Tubeless Tyre': 'Tubeless'}"
Honda bike,Honda Hornet 2.0,"Rs.4,757",Engine and Transmission,"{'Engine Type': '4 Stroke, SI Engine, BS-VI', 'Displacement': '184.4 cc', 'Max Torque': '16.1 Nm @ 6000 rpm', 'Cooling System': 'Air Cooled', 'Starting': 'Self Start Only', 'Fuel Supply': 'Fuel Injection', 'Clutch': 'Multiplate Wet Clutch', 'Gear Box': '5 Speed', 'Bore': '61.0 mm', 'Stroke': '63.09 mm', 'Compression Ratio': '9.5:1', 'Emission Type': 'bs6-2.0'}"
Honda bike,Honda Hornet 2.0,"Rs.4,757",Features,"{'Instrument Console': 'Digital', 'Speedometer': 'Digital', 'Techometer': 'Digital', 'Tripmeter': 'Digital', 'Odometer': 'Digital', 'Additional Features Of Variant': 'Seat Length (590 mm), Hazard Switch', 'Seat Type': 'Split', 'Body Graphics': 'Yes', 'Clock': 'Yes', 'Passenger Footrest': 'Yes'}"
Honda bike,Honda Hornet 2.0,"Rs.4,757",Features and Safety,"{'Service Due Indicator': 'Yes', 'Pass Switch': 'Yes', 'Clock': 'Yes', 'Additional Features': 'Seat Length (590 mm), Hazard Switch', 'Passenger Footrest': 'Yes', 'Engine Kill Switch': 'Yes', 'Display': 'Yes'}"
Honda bike,Honda Hornet 2.0,"Rs.4,757",Mileage and Performance,"{'City Mileage': '57.35 kmpl', 'Highway Mileage': '55.77 kmpl'}"
Honda bike,Honda Hornet 2.0,"Rs.4,757",Chassis and Suspension,"{'Body Type': 'Sports Naked Bikes', 'Body Graphics': 'Yes'}"
Honda bike,Honda Hornet 2.0,"Rs.4,757",Dimensions and Capacity,"{'Width': '783 mm', 'Length': '2047 mm', 'Height': '1064 mm', 'Fuel Capacity': '12 L', 'Ground Clearance': '167 mm', 'Wheelbase': '1355 mm', 'Kerb Weight': '142 kg'}"
Honda bike,Honda Hornet 2.0,"Rs.4,757",Electricals,"{'Headlight': 'LED', 'Tail Light': 'LED', 'Turn Signal Lamp': 'LED', 'LED Tail Lights': 'X-Shaped LED', 'Low Fuel Indicator': 'Yes'}"
Honda bike,Honda Hornet 2.0,"Rs.4,757",Tyres and Brakes,"{'Front Brake Diameter': '276 mm', 'Rear Brake Diameter': '220 mm'}"
Honda bike,Honda Hornet 2.0,"Rs.4,757",Motor & Battery,"{'Peak Power': '17.26 PS @ 8500 rpm', 'Drive Type': 'Chain Drive', 'Transmission': 'Manual'}"
Honda bike,Honda Hornet 2.0,"Rs.4,757",Charging,"{'Charging At Home': 'No', 'Charging At Charging Station': 'No'}"
Honda bike,Honda Hornet 2.0,"Rs.4,757",Underpinnings,"{'Suspension Front': 'Upside down Fork', 'Suspension Rear': 'Monoshock', 'Brakes Front': 'Disc', 'Brakes Rear': 'Disc', 'ABS': 'Single Channel', 'Tyre Size': 'Front :-110/70-17 Rear :-140/70-17', 'Wheel Size': 'Front :-431.8 mm,Rear :-431.8 mm', 'Wheels Type': 'Alloy', 'Frame': 'Diamond Type', 'Tubeless Tyre': 'Tubeless'}"
Honda bike,Honda Shine 100,"Rs.2,262",Engine and Transmission,"{'Engine Type': '4 Stroke, SI Engine', 'Displacement': '98.98 cc', 'Max Torque': '8.05 N-m @ 5000 rpm', 'No. of Cylinders': '1', 'Valve Per Cylinder': '2', 'Starting': 'Kick and Self Start', 'Fuel Supply': 'Fuel Injection', 'Clutch': 'Multiplate Wet Clutch', 'Gear Box': '4', 'Bore': '47 mm', 'Stroke': '57.049 mm', 'Compression Ratio': '10.0: 1', 'Emission Type': 'bs6-2.0'}"
Honda bike,Honda Shine 100,"Rs.2,262",Features,"{'Additional Features Of Variant': 'Long and Comfortable Seat - 677 mm, eSP Technology, Side Stand Engine Cut Off', 'Seat Type': 'Single', 'Passenger Footrest': 'Yes'}"
Honda bike,Honda Shine 100,"Rs.2,262",Features and Safety,"{'Braking Type': 'Combi Brake System', 'Additional Features': 'Long and Comfortable Seat - 677 mm, eSP Technology, Side Stand Engine Cut Off', 'Passenger Footrest': 'Yes'}"
Honda bike,Honda Shine 100,"Rs.2,262",Mileage and Performance,{'Overall Mileage': '55 kmpl'}
Honda bike,Honda Shine 100,"Rs.2,262",Chassis and Suspension,{'Body Type': 'Commuter Bikes'}
Honda bike,Honda Shine 100,"Rs.2,262",Dimensions and Capacity,"{'Width': '754 mm', 'Length': '1955 mm', 'Height': '1050 mm', 'Fuel Capacity': '9 L', 'Saddle Height': '786 mm', 'Ground Clearance': '168 mm', 'Wheelbase': '1245 mm', 'Kerb Weight': '99 kg'}"
Honda bike,Honda Shine 100,"Rs.2,262",Electricals,{'Headlight': 'Bulb Type'}
Honda bike,Honda Shine 100,"Rs.2,262",Tyres and Brakes,"{'Front Brake Diameter': '130 mm', 'Rear Brake Diameter': '110 mm'}"
Honda bike,Honda Shine 100,"Rs.2,262",Motor & Battery,"{'Peak Power': '7.38 ps @ 7500 rpm', 'Drive Type': 'Chain Drive'}"
Honda bike,Honda Shine 100,"Rs.2,262",Underpinnings,"{'Suspension Front': 'Telescopic', 'Suspension Rear': 'Twin', 'Brakes Front': 'Drum', 'Brakes Rear': 'Drum', 'Wheel Size': 'Alloy', 'Wheels Type': 'Alloy', 'Frame': 'Diamond Type'}"
Honda bike,Honda Hness CB350,"Rs.6,537",Engine and Transmission,"{'Engine Type': '4 Stroke, SI Engine', 'Displacement': '348.36 cc', 'Max Torque': '30 Nm @ 3000 rpm', 'Starting': 'Self Start Only', 'Fuel Supply': 'Fuel Injection', 'Clutch': 'Multiplate Wet Clutch', 'Gear Box': '5 Speed', 'Bore': '70 mm', 'Stroke': '90.519 mm', 'Compression Ratio': '9.5:1', 'Emission Type': 'bs6-2.0'}"
Honda bike,Honda Hness CB350,"Rs.6,537",Features,"{'Instrument Console': 'Analogue and Digital', 'Bluetooth Connectivity': 'Bluetooth', 'Navigation': 'Yes', 'Call/SMS Alerts': 'Yes', 'Music Control': 'Yes', 'Speedometer': 'Analogue', 'Tripmeter': 'Digital', 'Odometer': 'Digital', 'Additional Features Of Variant': 'Seat Length - 628 mmTwin - Hydraulic, Honda Selectable Torque Control, Battery Voltage Meter, Gear Position Indicator, ESS (Emergency Stop Signal), Hazarad Switch, Side Stand With Engine Inhibitor, Honda Smartphone Voice Control system (HSVCS), Weather Information & Volume Adjustments, Dual Horn', 'Seat Type': 'Split', 'Clock': 'Yes', 'Passenger Footrest': 'Yes', 'Distance to Empty Indicator': 'Yes'}"
Honda bike,Honda Hness CB350,"Rs.6,537",Features and Safety,"{'Speedometer': 'Analogue', 'Odometer': 'Digital', 'Tripmeter': 'Digital', 'Fuel Gauge': 'Digital', 'Clock': 'Yes', 'Additional Features': 'Seat Length - 628 mmTwin - Hydraulic, Honda Selectable Torque Control, Battery Voltage Meter, Gear Position Indicator, ESS (Emergency Stop Signal), Hazarad Switch, Side Stand With Engine Inhibitor, Honda Smartphone Voice Control system (HSVCS), Weather Information & Volume Adjustments, Dual Horn', 'Passenger Footrest': 'Yes', 'Engine Kill Switch': 'Yes', 'Real Time Mileage Indicator': 'Yes', 'Display': 'Yes'}"
Honda bike,Honda Hness CB350,"Rs.6,537",Mileage and Performance,"{'City Mileage': '45.8 kmpl', 'Highway Mileage': '42.17 kmpl', 'Acceleration (0-80 Kmph)': '7.48s', 'Acceleration (0-100 Kmph)': '12.55s', 'Quarter Mile': '18.24s @ 112.43kmph', 'Roll-ons (30-70 kmph)': '6.11s', 'Roll-ons (40-80 kmph)': '8.74s', 'Braking (60-0 Kmph)': '16.87m', 'Braking (80-0 Kmph)': '29.01m', 'Braking (100-0 Kmph)': '45.74m'}"
Honda bike,Honda Hness CB350,"Rs.6,537",Chassis and Suspension,{'Body Type': 'Cruiser Bikes'}
Honda bike,Honda Hness CB350,"Rs.6,537",Dimensions and Capacity,"{'Width': '789 mm', 'Length': '2163 mm', 'Height': '1107 mm', 'Fuel Capacity': '15 L', 'Saddle Height': '800 mm', 'Ground Clearance': '166 mm', 'Wheelbase': '1441 mm', 'Kerb Weight': '181 kg'}"
Honda bike,Honda Hness CB350,"Rs.6,537",Electricals,"{'Headlight': 'LED', 'Tail Light': 'LED', 'Turn Signal Lamp': 'LED', 'Distance to Empty Indicator': 'Yes'}"
Honda bike,Honda Hness CB350,"Rs.6,537",Tyres and Brakes,"{'Front Brake Diameter': '310 mm', 'Rear Brake Diameter': '240 mm'}"
Honda bike,Honda Hness CB350,"Rs.6,537",Performance,"{'0-100 Kmph (sec)': '12.55s', 'Top Speed': '121 kmph'}"
Honda bike,Honda Hness CB350,"Rs.6,537",Motor & Battery,"{'Peak Power': '21.07 PS @ 5500 rpm', 'Drive Type': 'Chain Drive', 'Transmission': 'Manual'}"
Honda bike,Honda Hness CB350,"Rs.6,537",Underpinnings,"{'Suspension Front': 'Telescopic', 'Suspension Rear': 'Twin - Hydraulic', 'Brakes Front': 'Disc', 'Brakes Rear': 'Disc', 'ABS': 'Dual Channel', 'Tyre Size': 'Front :-100/90-19 Rear :-130/70-18', 'Wheel Size': 'Front :-482.6 mm,Rear :-457.2 mm', 'Wheels Type': 'Alloy', 'Frame': 'Half Duplex Cradle', 'Tubeless Tyre': 'Tubeless'}"
Honda bike,Honda Hness CB350,"Rs.6,537",App Features,"{'Calls & Messaging': 'Yes', 'Navigation assist': 'Yes'}"
Honda bike,Honda SP160,"Rs.4,064",Engine and Transmission,"{'Engine Type': '4 Stroke, SI Engine', 'Displacement': '162.71 cc', 'Max Torque': '14.58 Nm @ 5500 rpm', 'Starting': 'Kick and Self Start', 'Fuel Supply': 'Fuel Injection', 'Clutch': 'Multiplate Wet Clutch', 'Gear Box': '5', 'Bore': '57.3 mm', 'Stroke': '63 mm', 'Compression Ratio': '10.0:1', 'Emission Type': 'bs6-2.0'}"
Honda bike,Honda SP160,"Rs.4,064",Features,"{'Instrument Console': 'Digital', 'Speedometer': 'Digital', 'Techometer': 'Digital', 'Tripmeter': 'Digital', 'Odometer': 'Digital', 'Additional Features Of Variant': 'Hazard Switch, Seat Length - 594 mm, Gear position indicator', 'Seat Type': 'Single', 'Body Graphics': 'Yes', 'Clock': 'Yes', 'Passenger Footrest': 'Yes'}"
Honda bike,Honda SP160,"Rs.4,064",Features and Safety,"{'Service Due Indicator': 'Yes', 'Clock': 'Yes', 'Additional Features': 'Hazard Switch, Seat Length - 594 mm, Gear position indicator', 'Passenger Footrest': 'Yes', 'Engine Kill Switch': 'Yes'}"
Honda bike,Honda SP160,"Rs.4,064",Mileage and Performance,{'Overall Mileage': '65 kmpl'}
Honda bike,Honda SP160,"Rs.4,064",Chassis and Suspension,"{'Body Type': 'Sports Bikes', 'Body Graphics': 'Yes'}"
Honda bike,Honda SP160,"Rs.4,064",Dimensions and Capacity,"{'Width': '786 mm', 'Length': '2061 mm', 'Height': '1113 mm', 'Fuel Capacity': '12 L', 'Ground Clearance': '177 mm', 'Wheelbase': '1347 mm', 'Kerb Weight': '141 kg', 'Seat height': '769 mm'}"
Honda bike,Honda SP160,"Rs.4,064",Electricals,"{'Headlight': 'LED', 'Tail Light': 'LED', 'Turn Signal Lamp': 'LED', 'LED Tail Lights': 'Yes', 'Low Fuel Indicator': 'Yes'}"
Honda bike,Honda SP160,"Rs.4,064",Tyres and Brakes,"{'Front Brake Diameter': '276 mm', 'Rear Brake Diameter': '220 mm'}"
Honda bike,Honda SP160,"Rs.4,064",Motor & Battery,"{'Peak Power': '13.46 PS @ 7500 rpm', 'Drive Type': 'Chain Drive', 'Transmission': 'Manual'}"
Honda bike,Honda SP160,"Rs.4,064",Underpinnings,"{'Suspension Front': 'Telescopic', 'Suspension Rear': 'Mono Shock', 'Brakes Front': 'Disc', 'Brakes Rear': 'Disc', 'ABS': 'Single Channel', 'Tyre Size': 'Front :- 80/100 - 17,  Rear :- 130/70 - 17', 'Wheel Size': 'Front :-431.8 mm,Rear :-431.8 mm', 'Wheels Type': 'Alloy', 'Frame': 'Diamond', 'Tubeless Tyre': 'Tubeless'}"
Honda bike,Honda Dio 125,"Rs.2,846",Engine and Transmission,"{'Engine Type': '4 stroke, SI Engine', 'Displacement': '123.92 cc', 'Max Torque': '10.4 Nm @ 5000 rpm', 'No. of Cylinders': '1', 'Starting': 'Self Start Only,Remote Start', 'Fuel Supply': 'Fuel Injection', 'Clutch': 'Automatic Centrifugal Clutch Dry Type', 'Bore': '50 mm', 'Stroke': '63.113 mm', 'Compression Ratio': '10:0.1', 'Emission Type': 'bs6-2.0'}"
Honda bike,Honda Dio 125,"Rs.2,846",Features,"{'Instrument Console': 'Digital', 'Speedometer': 'Digital', 'Techometer': 'Digital', 'Tripmeter': 'Digital', 'Odometer': 'Digital', 'Additional Features Of Variant': 'Seat Length - 708 mm, Battery Indicator, Smart Key Indicator, Side Stand Engine Cutoff (Optional), Silent Start Wth ACG, eSp Technology, Front Pocket, Smart Switch, LED Position Light, Sporty Dual Tip Muffler Protector, Grabrail,', 'Seat Type': 'Single', 'Body Graphics': 'Racing-Style Graphics', 'Passenger Footrest': 'Yes', 'Underseat storage': 'Yes', 'Average Fuel economy Indicator': 'Yes', 'Distance to Empty Indicator': 'Yes'}"
Honda bike,Honda Dio 125,"Rs.2,846",Features and Safety,"{'Service Due Indicator': 'Yes', 'External Fuel Filling': 'Yes', 'Pass Switch': 'Yes', 'Additional Features': 'Seat Length - 708 mm, Battery Indicator, Smart Key Indicator, Side Stand Engine Cutoff (Optional), Silent Start Wth ACG, eSp Technology, Front Pocket, Smart Switch, LED Position Light, Sporty Dual Tip Muffler Protector, Grabrail,', 'Passenger Footrest': 'Yes', 'Engine Kill Switch': 'Yes', 'Real Time Mileage Indicator': 'Yes'}"
Honda bike,Honda Dio 125,"Rs.2,846",Mileage and Performance,{'Overall Mileage': '48 kmpl'}
Honda bike,Honda Dio 125,"Rs.2,846",Chassis and Suspension,{'Body Graphics': 'Racing-Style Graphics'}
Honda bike,Honda Dio 125,"Rs.2,846",Dimensions and Capacity,"{'Width': '707 mm', 'Length': '1830 mm', 'Height': '1172 mm', 'Fuel Capacity': '5.3 l', 'Ground Clearance': '171 mm', 'Wheelbase': '1260 mm', 'Kerb Weight': '104 kg', 'Additional Storage': 'Yes'}"
Honda bike,Honda Dio 125,"Rs.2,846",Electricals,"{'Headlight': 'LED', 'Tail Light': 'Bulb', 'Turn Signal Lamp': 'Bulb', 'Low Fuel Indicator': 'Yes', 'Distance to Empty Indicator': 'Yes', 'Average Fuel economy Indicator': 'Yes'}"
Honda bike,Honda Dio 125,"Rs.2,846",Motor & Battery,"{'Peak Power': '8.28 PS @ 6250 rpm', 'Drive Type': 'Belt Drive', 'Battery Capacity': '12V / 5AH', 'Transmission': 'Automatic'}"
Honda bike,Honda Dio 125,"Rs.2,846",Underpinnings,"{'Suspension Front': 'Telescopic', 'Suspension Rear': '3-step adjustable Spring loaded hydraulic', 'Brakes Front': 'Disc', 'Brakes Rear': 'Drum', 'Tyre Size': 'Front :-90/90-12 Rear :- 90/100-10', 'Wheel Size': 'Front :-304.8 mm,Rear :-254 mm', 'Wheels Type': 'Alloy', 'Frame': 'Underbone', 'Tubeless Tyre': 'Tubeless'}"
Honda bike,Honda CB200X,"Rs.5,007",Engine and Transmission,"{'Engine Type': '4 Stroke, SI Engine, BS-VI', 'Displacement': '184.4 cc', 'Max Torque': '15.5 Nm @ 6000 rpm', 'Cooling System': 'Air Cooled', 'Starting': 'Self Start Only', 'Fuel Supply': 'Fuel Injection', 'Clutch': 'Multiplate Wet Clutch', 'Gear Box': '5 Speed', 'Bore': '61.0 mm', 'Stroke': '63.096 mm', 'Compression Ratio': '9.5:1', 'Emission Type': 'bs6-2.0'}"
Honda bike,Honda CB200X,"Rs.5,007",Features,"{'Instrument Console': 'Digital', 'Speedometer': 'Digital', 'Techometer': 'Digital', 'Tripmeter': 'Digital', 'Odometer': 'Digital', 'Additional Features Of Variant': 'LED Winkers, Hazard Switch', 'Seat Type': 'Split'}"
Honda bike,Honda CB200X,"Rs.5,007",Features and Safety,"{'Speedometer': 'Digital', 'Tachometer': 'Digital', 'Odometer': 'Digital', 'Tripmeter': 'Digital', 'Pass Switch': 'Yes', 'Adjustable Windscreen': 'Yes', 'Additional Features': 'LED Winkers, Hazard Switch', 'Engine Kill Switch': 'Yes', 'Display': 'Yes'}"
Honda bike,Honda CB200X,"Rs.5,007",Mileage and Performance,{'Overall Mileage': '40 kmpl'}
Honda bike,Honda CB200X,"Rs.5,007",Chassis and Suspension,{'Body Type': 'Adventure Tourer Bikes'}
Honda bike,Honda CB200X,"Rs.5,007",Dimensions and Capacity,"{'Width': '843 mm', 'Length': '2035 mm', 'Height': '1248 mm', 'Fuel Capacity': '12 L', 'Saddle Height': '810 mm', 'Ground Clearance': '167 mm', 'Wheelbase': '1355 mm', 'Kerb Weight': '147 kg'}"
Honda bike,Honda CB200X,"Rs.5,007",Electricals,"{'Headlight': 'LED', 'Tail Light': 'LED', 'Turn Signal Lamp': 'LED', 'Low Fuel Indicator': 'Yes'}"
Honda bike,Honda CB200X,"Rs.5,007",Tyres and Brakes,"{'Front Brake Diameter': '276 mm', 'Rear Brake Diameter': '220 mm'}"
Honda bike,Honda CB200X,"Rs.5,007",Motor & Battery,"{'Peak Power': '17.26 PS @ 8500 rpm', 'Battery Capacity': '0.06', 'Transmission': 'Manual'}"
Honda bike,Honda CB200X,"Rs.5,007",Underpinnings,"{'Suspension Front': 'Upside Down Front Fork (USD)', 'Suspension Rear': 'Monoshock', 'Brakes Front': 'Disc', 'Brakes Rear': 'Disc', 'ABS': 'Single Channel', 'Tyre Size': 'Front :- 110/70-17,  Rear :- 140/70-17', 'Wheel Size': 'Front :-431.8 mm,Rear :-431.8 mm', 'Wheels Type': 'Alloy', 'Frame': 'Diamond type', 'Tubeless Tyre': 'Tubeless'}"
Honda bike,Honda CB300F,"Rs.5,627",Engine and Transmission,"{'Engine Type': '4 Stroke, Sl, Oil Cooled Engine', 'Displacement': '293.52 cc', 'Max Torque': '25.6 Nm @ 5500 rpm', 'No. of Cylinders': '1', 'Cooling System': 'Oil Cooled', 'Valve Per Cylinder': '4', 'Starting': 'Self Start Only', 'Fuel Supply': 'Fuel Injection', 'Clutch': 'Multiplate Wet clutch', 'Gear Box': '6 Speed', 'Bore': '77 mm', 'Stroke': '63.033 mm', 'Compression Ratio': '9.3:1', 'Emission Type': 'bs6-2.0'}"
Honda bike,Honda CB300F,"Rs.5,627",Features,"{'Instrument Console': 'Digital', 'Bluetooth Connectivity': 'WiFi', 'Navigation': 'Yes', 'Call/SMS Alerts': 'Yes', 'USB Charging Port': 'Yes', 'Music Control': 'Yes', 'Speedometer': 'Digital', 'Techometer': 'Digital', 'Tripmeter': 'Digital', 'Odometer': 'Digital', 'Additional Features Of Variant': 'Seat length - 614 mm, Honda Selectable Torque Control, Honda Smartphone Voice Control System (HSVCS)', 'Seat Type': 'Split', 'Body Graphics': 'Yes', 'Clock': 'Yes', 'Passenger Footrest': 'Yes'}"
Honda bike,Honda CB300F,"Rs.5,627",Features and Safety,"{'Speedometer': 'Digital', 'Tachometer': 'Digital', 'Odometer': 'Digital', 'Tripmeter': 'Digital', 'Clock': 'Yes', 'Additional Features': 'Seat length - 614 mm, Honda Selectable Torque Control, Honda Smartphone Voice Control System (HSVCS)', 'Passenger Footrest': 'Yes', 'Engine Kill Switch': 'Yes', 'Display': 'Yes'}"
Honda bike,Honda CB300F,"Rs.5,627",Mileage and Performance,{'Overall Mileage': '30 kmpl'}
Honda bike,Honda CB300F,"Rs.5,627",Chassis and Suspension,"{'Body Type': 'Sports Bikes', 'Body Graphics': 'Yes'}"
Honda bike,Honda CB300F,"Rs.5,627",Dimensions and Capacity,"{'Width': '765 mm', 'Length': '2084 mm', 'Height': '1075 mm', 'Fuel Capacity': '14.1 L', 'Saddle Height': '789 mm', 'Ground Clearance': '177 mm', 'Wheelbase': '1390 mm', 'Kerb Weight': '153 kg'}"
Honda bike,Honda CB300F,"Rs.5,627",Electricals,"{'Headlight': 'LED', 'Tail Light': 'LED', 'Turn Signal Lamp': 'LED', 'LED Tail Lights': 'Yes'}"
Honda bike,Honda CB300F,"Rs.5,627",Tyres and Brakes,"{'Front Brake Diameter': '276 mm', 'Rear Brake Diameter': '220 mm', 'Radial Tyre': 'Yes'}"
Honda bike,Honda CB300F,"Rs.5,627",Motor & Battery,"{'Peak Power': '24.4 PS @ 7500 rpm', 'Drive Type': 'Chain Drive', 'Transmission': 'Manual'}"
Honda bike,Honda CB300F,"Rs.5,627",Underpinnings,"{'Suspension Front': 'Telescopic (USD)', 'Suspension Rear': 'Monoshock', 'Brakes Front': 'Disc', 'Brakes Rear': 'Disc', 'ABS': 'Dual Channel', 'Tyre Size': 'Front :-110/70-17 Rear :-150/60-17', 'Wheel Size': 'Front :-431.8 mm,Rear :-431.8 mm', 'Wheels Type': 'Alloy', 'Frame': 'Diamond Type', 'Tubeless Tyre': 'Tubeless'}"
Honda bike,Honda CB300F,"Rs.5,627",App Features,"{'Calls & Messaging': 'Yes', 'Navigation assist': 'Yes'}"
Honda bike,Honda Livo,"Rs.2,706",Engine and Transmission,"{'Engine Type': 'Air Cooled, 4 Stroke, SI, BS-VI Engine', 'Displacement': '109.51 cc', 'Max Torque': '9.30 Nm @ 5500 rpm', 'No. of Cylinders': '1', 'Cooling System': 'Air Cooled', 'Starting': 'Kick and Self Start', 'Fuel Supply': 'Fuel Injection', 'Clutch': 'Multiplate Wet Clutch', 'Gear Box': '4 Speed', 'Bore': '47 mm', 'Stroke': '63.121 mm', 'Compression Ratio': '10.1:1', 'Emission Type': 'bs6-2.0'}"
Honda bike,Honda Livo,"Rs.2,706",Features,"{'Instrument Console': 'Analogue and Digital', 'Speedometer': 'Analogue', 'Techometer': 'Digital', 'Tripmeter': 'Digital', 'Odometer': 'Digital', 'Additional Features Of Variant': 'eSP Technology, Side Stand Engine Cutoff, Silent start with ACG, Long & Comfortable Seat (657mm)', 'Seat Type': 'Single', 'Body Graphics': 'Yes', 'Passenger Footrest': 'Yes'}"
Honda bike,Honda Livo,"Rs.2,706",Features and Safety,"{'Braking Type': 'Combi Brake System', 'Service Due Indicator': 'Yes', 'Speedometer': 'Analogue', 'Tachometer': 'Digital', 'Odometer': 'Digital', 'Tripmeter': 'Digital', 'Fuel Gauge': 'Digital', 'Pass Switch': 'Yes', 'Additional Features': 'eSP Technology, Side Stand Engine Cutoff, Silent start with ACG, Long & Comfortable Seat (657mm)', 'Passenger Footrest': 'Yes', 'Engine Kill Switch': 'Yes'}"
Honda bike,Honda Livo,"Rs.2,706",Mileage and Performance,{'Overall Mileage': '60 kmpl'}
Honda bike,Honda Livo,"Rs.2,706",Chassis and Suspension,"{'Body Type': 'Commuter Bikes', 'Body Graphics': 'Yes'}"
Honda bike,Honda Livo,"Rs.2,706",Dimensions and Capacity,"{'Width': '751 mm', 'Length': '2020 mm', 'Height': '1116 mm', 'Fuel Capacity': '9 L', 'Saddle Height': '790 mm', 'Ground Clearance': '163 mm', 'Wheelbase': '1278 mm', 'Kerb Weight': '113 kg'}"
Honda bike,Honda Livo,"Rs.2,706",Electricals,"{'Headlight': 'Halogen', 'Tail Light': 'Bulb', 'Turn Signal Lamp': 'Bulb', 'Low Fuel Indicator': 'Yes'}"
Honda bike,Honda Livo,"Rs.2,706",Tyres and Brakes,"{'Front Brake Diameter': '240 mm', 'Rear Brake Diameter': '130 mm'}"
Honda bike,Honda Livo,"Rs.2,706",Motor & Battery,"{'Peak Power': '8.79 PS @ 7500 rpm', 'Drive Type': 'Chain Drive', 'Battery Capacity': '12V / 4AH', 'Transmission': 'Manual'}"
Honda bike,Honda Livo,"Rs.2,706",Underpinnings,"{'Suspension Front': 'Telescopic', 'Suspension Rear': 'Hydraulic Type', 'Brakes Front': 'Disc', 'Brakes Rear': 'Drum', 'Tyre Size': 'Front :-80/100-18, Rear :- 80/100-18', 'Wheel Size': 'Front :-457.2 mm,Rear :-457.2 mm', 'Wheels Type': 'Alloy', 'Frame': 'Diamond Type', 'Tubeless Tyre': 'Tubeless'}"
Honda bike,Honda CB350,"Rs.6,072",Engine and Transmission,"{'Engine Type': 'Air-cooled, 4-stroke, single-cylinder', 'Displacement': '348.36 cc', 'Max Torque': '29.4 Nm @ 3000 rpm', 'No. of Cylinders': '1', 'Cooling System': 'Air Cooled', 'Starting': 'Self Start Only', 'Fuel Supply': 'Fuel Injection', 'Gear Box': '5 Speed', 'Emission Type': 'bs6-2.0'}"
Honda bike,Honda CB350,"Rs.6,072",Features,"{'Instrument Console': 'Digital', 'Additional Features Of Variant': 'Honda Smartphone Voice Control System, Honda Selectable Torque Control, Assist & slipper clutch', 'Seat Type': 'Single', 'Passenger Footrest': 'Yes'}"
Honda bike,Honda CB350,"Rs.6,072",Features and Safety,"{'Pass Switch': 'Yes', 'Additional Features': 'Honda Smartphone Voice Control System, Honda Selectable Torque Control, Assist & slipper clutch', 'Passenger Footrest': 'Yes', 'Engine Kill Switch': 'Yes'}"
Honda bike,Honda CB350,"Rs.6,072",Mileage and Performance,{'Overall Mileage': '42.17 kmpl'}
Honda bike,Honda CB350,"Rs.6,072",Chassis and Suspension,{'Body Type': 'Cruiser Bikes'}
Honda bike,Honda CB350,"Rs.6,072",Electricals,"{'Headlight': 'LED', 'Tail Light': 'LED', 'Turn Signal Lamp': 'LED', 'Low Fuel Indicator': 'Yes'}"
Honda bike,Honda CB350,"Rs.6,072",Tyres and Brakes,"{'Front Brake Diameter': '310 mm', 'Rear Brake Diameter': '240 mm'}"
Honda bike,Honda CB350,"Rs.6,072",Motor & Battery,"{'Peak Power': '21.07 PS @ 5500 rpm', 'Drive Type': 'Chain Drive', 'Transmission': 'Manual'}"
Honda bike,Honda CB350,"Rs.6,072",Underpinnings,"{'Suspension Front': 'Telescopic front forks', 'Suspension Rear': 'Pressurized nitrogen-charged', 'Brakes Front': 'Disc', 'Brakes Rear': 'Disc', 'ABS': 'Dual Channel', 'Wheels Type': 'Alloy'}"
Honda bike,Honda CB350RS,"Rs.6,703",Engine and Transmission,"{'Engine Type': '4 Stroke, SI Engine', 'Displacement': '348.36 cc', 'Max Torque': '30 Nm @ 3000 rpm', 'Starting': 'Self Start Only', 'Fuel Supply': 'Fuel Injection', 'Clutch': 'Multiplate Wet Clutch', 'Gear Box': '5 Speed', 'Bore': '70 mm', 'Stroke': '90.519 mm', 'Compression Ratio': '9.5:1', 'Emission Type': 'bs6-2.0'}"
Honda bike,Honda CB350RS,"Rs.6,703",Features,"{'Instrument Console': 'Analogue and Digital', 'Bluetooth Connectivity': 'Bluetooth', 'Navigation': 'Yes', 'Call/SMS Alerts': 'Yes', 'Music Control': 'Yes', 'Speedometer': 'Analogue', 'Tripmeter': 'Digital', 'Odometer': 'Digital', 'Additional Features Of Variant': 'Seat Length - 640 mm, Average Mileage, Side Stand With Engine Inhibitor, Gear Position Indicator, Battery Voltage Meter, ESS (Emergency Stop Signal), Hazarad Switch, Honda Smartphone Voice Control system (HSVCS), Weather information & Volume Adjustments', 'Seat Type': 'Single', 'Passenger Footrest': 'Yes', 'Distance to Empty Indicator': 'Yes'}"
Honda bike,Honda CB350RS,"Rs.6,703",Features and Safety,"{'Speedometer': 'Analogue', 'Odometer': 'Digital', 'Tripmeter': 'Digital', 'Additional Features': 'Seat Length - 640 mm, Average Mileage, Side Stand With Engine Inhibitor, Gear Position Indicator, Battery Voltage Meter, ESS (Emergency Stop Signal), Hazarad Switch, Honda Smartphone Voice Control system (HSVCS), Weather information & Volume Adjustments', 'Passenger Footrest': 'Yes', 'Engine Kill Switch': 'Yes', 'Real Time Mileage Indicator': 'Yes', 'Display': 'Yes'}"
Honda bike,Honda CB350RS,"Rs.6,703",Mileage and Performance,"{'Overall Mileage': '35 kmpl', 'Acceleration (0-80 Kmph)': '7.30s', 'Acceleration (0-100 Kmph)': '11.99s', 'Quarter Mile': '18.04s @ 109.57kph', 'Roll-ons (30-70 kmph)': '6.13s', 'Roll-ons (40-80 kmph)': '8.58s', 'Braking (60-0 Kmph)': '17.55m', 'Braking (80-0 Kmph)': '31.00m', 'Braking (100-0 Kmph)': '50.19m'}"
Honda bike,Honda CB350RS,"Rs.6,703",Chassis and Suspension,{'Body Type': 'Cruiser Bikes'}
Honda bike,Honda CB350RS,"Rs.6,703",Dimensions and Capacity,"{'Width': '782 mm', 'Length': '2171 mm', 'Height': '1097 mm', 'Fuel Capacity': '15 L', 'Saddle Height': '800 mm', 'Ground Clearance': '168 mm', 'Wheelbase': '1441 mm', 'Kerb Weight': '179 kg'}"
Honda bike,Honda CB350RS,"Rs.6,703",Electricals,"{'Headlight': 'LED', 'Tail Light': 'LED', 'Turn Signal Lamp': 'LED', 'LED Tail Lights': 'Yes', 'Low Battery Indicator': 'Yes', 'Low Fuel Indicator': 'Yes', 'Distance to Empty Indicator': 'Yes'}"
Honda bike,Honda CB350RS,"Rs.6,703",Tyres and Brakes,"{'Front Brake Diameter': '310 mm', 'Rear Brake Diameter': '240 mm'}"
Honda bike,Honda CB350RS,"Rs.6,703",Performance,{'0-100 Kmph (sec)': '11.99s'}
Honda bike,Honda CB350RS,"Rs.6,703",Motor & Battery,"{'Peak Power': '21.07 PS @ 5500 rpm', 'Drive Type': 'Chain Drive', 'Transmission': 'Manual'}"
Honda bike,Honda CB350RS,"Rs.6,703",Underpinnings,"{'Suspension Front': 'Telescopic', 'Suspension Rear': 'Hydraulic', 'Brakes Front': 'Disc', 'Brakes Rear': 'Disc', 'ABS': 'Dual Channel', 'Tyre Size': 'Front :-100/90-19, Rear :-150/70-17', 'Wheel Size': 'Front :-482.6 mm,Rear 431.8 mm', 'Wheels Type': 'Alloy', 'Frame': 'Half Duplex Cradle', 'Tubeless Tyre': 'Tubeless'}"
Honda bike,Honda CB350RS,"Rs.6,703",App Features,"{'Calls & Messaging': 'Yes', 'Navigation assist': 'Yes', 'Low battery alert': 'Yes'}"
Honda bike,Honda CD 110 Dream,"Rs.2,528",Engine and Transmission,"{'Engine Type': '4 stroke, SI, BS-VI Engine', 'Displacement': '109.51 cc', 'Max Torque': '9.30 Nm @ 5500 rpm', 'Cooling System': 'Air Cooled', 'Starting': 'Kick and Self Start', 'Fuel Supply': 'Fuel Injection', 'Clutch': 'Multiplate Wet Clutch', 'Gear Box': '4 Speed', 'Bore': '47 mm', 'Stroke': '63.121 mm', 'Compression Ratio': '10.1:1', 'Emission Type': 'bs6-2.0'}"
Honda bike,Honda CD 110 Dream,"Rs.2,528",Features,"{'Instrument Console': 'Analogue', 'Speedometer': 'Analogue', 'Odometer': 'Analogue', 'Additional Features Of Variant': 'ESP Technology, Silent Start With ACG, Side Stand Engine Cut Off', 'Seat Type': 'Single', 'Stepup Seat': 'With Long Seat', 'Passenger Footrest': 'Yes'}"
Honda bike,Honda CD 110 Dream,"Rs.2,528",Features and Safety,"{'Braking Type': 'Combi Brake System', 'Speedometer': 'Analogue', 'Odometer': 'Analogue', 'Pass Switch': 'Yes', 'Additional Features': 'ESP Technology, Silent Start With ACG, Side Stand Engine Cut Off', 'Stepup Seat': 'With Long Seat', 'Passenger Footrest': 'Yes', 'Engine Kill Switch': 'Yes'}"
Honda bike,Honda CD 110 Dream,"Rs.2,528",Mileage and Performance,{'Overall Mileage': '65 kmpl'}
Honda bike,Honda CD 110 Dream,"Rs.2,528",Chassis and Suspension,{'Body Type': 'Commuter Bikes'}
Honda bike,Honda CD 110 Dream,"Rs.2,528",Dimensions and Capacity,"{'Width': '736 mm', 'Length': '2044 mm', 'Height': '1076 mm', 'Fuel Capacity': '9.1 L', 'Saddle Height': '720 mm', 'Ground Clearance': '162 mm', 'Wheelbase': '1285 mm', 'Kerb Weight': '112 kg'}"
Honda bike,Honda CD 110 Dream,"Rs.2,528",Electricals,"{'Headlight': 'Halogen', 'Tail Light': 'Bulb', 'Turn Signal Lamp': 'Bulb', 'Low Fuel Indicator': 'Yes'}"
Honda bike,Honda CD 110 Dream,"Rs.2,528",Tyres and Brakes,"{'Front Brake Diameter': '130 mm', 'Rear Brake Diameter': '130 mm', 'Radial Tyre': 'Yes'}"
Honda bike,Honda CD 110 Dream,"Rs.2,528",Motor & Battery,"{'Peak Power': '8.79 PS @ 7500 rpm', 'Drive Type': 'Chain Drive', 'Battery Type': 'Lead Acid', 'Transmission': 'Manual'}"
Honda bike,Honda CD 110 Dream,"Rs.2,528",Underpinnings,"{'Suspension Front': 'Telescopic', 'Suspension Rear': 'Hydraulic Type', 'Brakes Front': 'Drum', 'Brakes Rear': 'Drum', 'Tyre Size': 'Front :-80/100-18, Rear :-80/100-18', 'Wheel Size': 'Front :-457.2 mm,Rear :-457.2 mm', 'Wheels Type': 'Alloy', 'Frame': 'Diamond Type', 'Tubeless Tyre': 'Tubeless'}"
Honda bike,Honda CB300R,"Rs.7,451",Engine and Transmission,"{'Engine Type': 'Liquid-cooled, 4 Stroke, SI, BS-VI Engine', 'Displacement': '286.01 cc', 'Max Torque': '27.5 Nm @ 7500 rpm', 'No. of Cylinders': '1', 'Cooling System': 'Liquid Cooled', 'Valve Per Cylinder': '4', 'Starting': 'Self Start Only', 'Fuel Supply': 'Fuel Injection', 'Clutch': 'Multiplate Wet Clutch', 'Gear Box': '6 Speed', 'Bore': '76.0 mm', 'Stroke': '63.043 mm', 'Compression Ratio': '10.7:1', 'Emission Type': 'bs6-2.0'}"
Honda bike,Honda CB300R,"Rs.7,451",Features,"{'Instrument Console': 'Digital', 'Speedometer': 'Digital', 'Techometer': 'Digital', 'Tripmeter': 'Digital', 'Odometer': 'Digital', 'Additional Features Of Variant': 'Hub Less Floating Disc Brakes, Newly Designed Muffler, New Full LCD Multi Function Meter, Seat Length - 627 mm, Gear Position Indicator, Gear Shift Warning', 'Seat Type': 'Split', 'Body Graphics': 'Yes', 'Clock': 'Digital', 'Passenger Footrest': 'Yes'}"
Honda bike,Honda CB300R,"Rs.7,451",Features and Safety,"{'Pass Switch': 'Yes', 'Clock': 'Digital', 'Additional Features': 'Hub Less Floating Disc Brakes, Newly Designed Muffler, New Full LCD Multi Function Meter, Seat Length - 627 mm, Gear Position Indicator, Gear Shift Warning', 'Passenger Footrest': 'Yes'}"
Honda bike,Honda CB300R,"Rs.7,451",Mileage and Performance,"{'Overall Mileage': '30 kmpl', 'Acceleration (0-80 Kmph)': '4.79s', 'Acceleration (0-100 Kmph)': '7.35s', 'Quarter Mile': '15.57 sec @ 132.21 kmph', 'Roll-ons (30-70 kmph)': '4.21s', 'Roll-ons (40-80 kmph)': '5.15s', 'Braking (60-0 Kmph)': '17.86m', 'Braking (80-0 Kmph)': '31.72m', 'Braking (100-0 Kmph)': '51.07m'}"
Honda bike,Honda CB300R,"Rs.7,451",Chassis and Suspension,"{'Body Type': 'Sports Bikes', 'Body Graphics': 'Yes'}"
Honda bike,Honda CB300R,"Rs.7,451",Dimensions and Capacity,"{'Width': '802 mm', 'Length': '2017 mm', 'Height': '1047 mm', 'Fuel Capacity': '9.7 L', 'Saddle Height': '801 mm', 'Ground Clearance': '157 mm', 'Wheelbase': '1352 mm', 'Kerb Weight': '146 kg'}"
Honda bike,Honda CB300R,"Rs.7,451",Electricals,"{'Headlight': 'LED', 'Tail Light': 'LED', 'Turn Signal Lamp': 'LED', 'Projector Headlights': 'LED Projector', 'Low Fuel Indicator': 'Yes'}"
Honda bike,Honda CB300R,"Rs.7,451",Tyres and Brakes,"{'Front Brake Diameter': '296 mm', 'Rear Brake Diameter': '220 mm', 'Front Tyre Pressure (Rider)': '29 psi', 'Front Tyre Pressure (Rider & Pillion)': '29 psi', 'Rear Tyre Pressure (Rider)': '33 psi', 'Rear Tyre Pressure (Rider & Pillion)': '33 psi'}"
Honda bike,Honda CB300R,"Rs.7,451",Performance,{'0-100 Kmph (sec)': '7.35s'}
Honda bike,Honda CB300R,"Rs.7,451",Motor & Battery,"{'Peak Power': '31.13 PS @ 9000 rpm', 'Drive Type': 'Chain Drive', 'Transmission': 'Manual'}"
Honda bike,Honda CB300R,"Rs.7,451",Underpinnings,"{'Suspension Front': 'USD', 'Suspension Rear': '7 Step adjustable monoshock', 'Brakes Front': 'Disc', 'Brakes Rear': 'Disc', 'ABS': 'Dual Channel', 'Tyre Size': 'Front :-110/70-R17, Rear :-150/60-R17', 'Wheel Size': 'Front :-431.8 mm,Rear :-431.8 mm', 'Wheels Type': 'Alloy', 'Frame': 'Diamond Type', 'Tubeless Tyre': 'Tubeless'}"
Honda bike,Honda Gold Wing,"Rs.1,19,035",Engine and Transmission,"{'Engine Type': 'Liquid-cooled 4-stroke 24-valve SOHC flat-6 engine', 'Displacement': '1833 cc', 'Max Torque': '170 Nm @ 4500 rpm', 'No. of Cylinders': '6', 'Cooling System': 'Liquid Cooled', 'Valve Per Cylinder': '4', 'Starting': 'Self Start Only', 'Fuel Supply': 'Fuel Injection', 'Clutch': '(DCT) Hydraulic, wet, multi-plate with oil pressure', 'Ignition': 'Full Transistorized Ignition', 'Gear Box': '7 Speed', 'Bore': '73 mm', 'Stroke': '73 mm', 'Compression Ratio': '10.5:1', 'Emission Type': 'bs6-2.0'}"
Honda bike,Honda Gold Wing,"Rs.1,19,035",Features,"{'Instrument Console': 'Analogue and Digital', 'Bluetooth Connectivity': 'Bluetooth', 'Navigation': 'Yes', 'USB Charging Port': 'Yes', 'Music Control': 'Yes', 'Cruise Control': 'Yes', 'Speedometer': 'Analogue', 'Techometer': 'Analogue', 'Tripmeter': 'Digital', 'Odometer': 'Digital', 'Additional Features Of Variant': 'DCT Plus Reserve, Integrated Starter Generator, Idling Stop, Apple Car Play Integration,Hill Start Assist, Smart Key, Throttle By Wire, Honda Selectable Torque Control (HSTC), Android Auto, CO2 Emissions - 127g/km, Throttle Bore - 50 mm, Air Cleaner - Viscous,Cartridge Type Paper Filter, ACG Power Generation Capacity - 12V / 120A, Caster Angle - 30 Degree, Trail - 109 mm, Turning Radius - 3.4m, Trunk Capacity - 61 L (Length - 34mm, Width - 48mm, Height - 46mm)', 'Seat Type': 'Split', 'Clock': 'Digital', 'Stepup Seat': 'Yes', 'Passenger Footrest': 'Yes'}"
Honda bike,Honda Gold Wing,"Rs.1,19,035",Features and Safety,"{'Speedometer': 'Analogue', 'Tachometer': 'Analogue', 'Odometer': 'Digital', 'Tripmeter': 'Digital', 'Fuel Gauge': 'Digital', 'Pass Switch': 'Yes', 'Clock': 'Digital', 'Riding Modes': 'Rain,Sports', 'Traction Control': 'Yes', 'Adjustable Windscreen': 'Yes', 'Additional Features': 'DCT Plus Reserve, Integrated Starter Generator, Idling Stop, Apple Car Play Integration,Hill Start Assist, Smart Key, Throttle By Wire, Honda Selectable Torque Control (HSTC), Android Auto, CO2 Emissions - 127g/km, Throttle Bore - 50 mm, Air Cleaner - Viscous,Cartridge Type Paper Filter, ACG Power Generation Capacity - 12V / 120A, Caster Angle - 30 Degree, Trail - 109 mm, Turning Radius - 3.4m, Trunk Capacity - 61 L (Length - 34mm, Width - 48mm, Height - 46mm)', 'Airbag': 'Yes', 'Stepup Seat': 'Yes', 'Passenger Footrest': 'Yes', 'Display': '7-inch full-colour TFT liquid crystal display'}"
Honda bike,Honda Gold Wing,"Rs.1,19,035",Mileage and Performance,{'Overall Mileage': '14 kmpl'}
Honda bike,Honda Gold Wing,"Rs.1,19,035",Chassis and Suspension,{'Body Type': 'Tourer Bikes'}
Honda bike,Honda Gold Wing,"Rs.1,19,035",Dimensions and Capacity,"{'Width': '905 mm', 'Length': '2615 mm', 'Height': '1430 mm', 'Fuel Capacity': '21.1 L', 'Saddle Height': '745 mm', 'Ground Clearance': '130 mm', 'Wheelbase': '1695 mm', 'Kerb Weight': '390 kg', 'Engine Oil': '5.6 L'}"
Honda bike,Honda Gold Wing,"Rs.1,19,035",Electricals,"{'Headlight': 'LED', 'Tail Light': 'LED', 'Turn Signal Lamp': 'LED', 'DRLs': 'Yes', 'LED Tail Lights': 'Yes', 'Low Battery Indicator': 'Yes', 'Low Oil Indicator': 'Yes', 'Low Fuel Indicator': 'Yes'}"
Honda bike,Honda Gold Wing,"Rs.1,19,035",Tyres and Brakes,"{'Front Brake Diameter': '320 mm', 'Rear Brake Diameter': '316 mm', 'Radial Tyre': 'Yes', 'Front Tyre Pressure (Rider)': '36 psi', 'Front Tyre Pressure (Rider & Pillion)': '38 psi', 'Rear Tyre Pressure (Rider)': '41 psi', 'Rear Tyre Pressure (Rider & Pillion)': '42 psi'}"
Honda bike,Honda Gold Wing,"Rs.1,19,035",Motor & Battery,"{'Peak Power': '126.4 PS @ 5500 rpm', 'Drive Type': 'Shaft Drive', 'Reverse Assist': 'Yes', 'Transmission': 'Automatic'}"
Honda bike,Honda Gold Wing,"Rs.1,19,035",Underpinnings,"{'Suspension Front': 'Double Wishbone', 'Suspension Rear': 'Pro Link', 'Brakes Front': 'Disc', 'Brakes Rear': 'Disc', 'ABS': 'Dual Channel', 'Tyre Size': 'Front :-130/70-R18 Rear :-200/55-R16', 'Wheel Size': 'Front :-457.2 mm,Rear :-406.4 mm', 'Wheels Type': 'Alloy', 'Frame': 'Aluminum die-cast, twin-tube', 'Tubeless Tyre': 'Tubeless'}"
Honda bike,Honda Gold Wing,"Rs.1,19,035",App Features,"{'Navigation assist': 'Yes', 'Low battery alert': 'Yes'}"
Honda bike,Honda NX500,"Rs.18,201",Engine and Transmission,"{'Engine Type': 'Liquid-cooled 4-stroke DOHC parallel twin', 'Displacement': '471 cc', 'Max Torque': '43 Nm @ 6500 rpm', 'No. of Cylinders': '2', 'Cooling System': 'Liquid Cooled', 'Starting': 'Self Start Only', 'Fuel Supply': 'Fuel Injection', 'Clutch': 'Wet multiplate', 'Gear Box': '6 Speed', 'Bore': '67 mm', 'Stroke': '66.8 mm', 'Compression Ratio': '10.7:1', 'Emission Type': 'bs6-2.0'}"
Honda bike,Honda NX500,"Rs.18,201",Features,"{'Instrument Console': 'Digital', 'Speedometer': 'Digital', 'Techometer': 'Digital', 'Tripmeter': 'Digital', 'Odometer': 'Digital', 'Additional Features Of Variant': 'Honda Road Sync, Honda Selectable Torque Control', 'Seat Type': 'Split', 'Body Graphics': 'Yes', 'Clock': 'Yes', 'Passenger Footrest': 'Yes'}"
Honda bike,Honda NX500,"Rs.18,201",Features and Safety,"{'Mobile Application': 'Yes', 'Pass Switch': 'Yes', 'Clock': 'Yes', 'Adjustable Windscreen': 'Yes', 'Additional Features': 'Honda Road Sync, Honda Selectable Torque Control', 'Passenger Footrest': 'Yes', 'Engine Kill Switch': 'Yes', 'Display': '5-inch full colour TFT screen'}"
Honda bike,Honda NX500,"Rs.18,201",Mileage and Performance,{'Overall Mileage': '27.78 kmpl'}
Honda bike,Honda NX500,"Rs.18,201",Chassis and Suspension,"{'Body Type': 'Adventure Tourer Bikes', 'Body Graphics': 'Yes'}"
Honda bike,Honda NX500,"Rs.18,201",Dimensions and Capacity,"{'Width': '829 mm', 'Length': '2165 mm', 'Height': '1413 mm', 'Fuel Capacity': '17.5 L', 'Saddle Height': '830 mm', 'Ground Clearance': '181 mm', 'Wheelbase': '1447 mm', 'Kerb Weight': '196 kg', 'Engine Oil': '3.2 L'}"
Honda bike,Honda NX500,"Rs.18,201",Electricals,"{'Headlight': 'LED', 'Tail Light': 'LED', 'Turn Signal Lamp': 'LED', 'Low Fuel Indicator': 'Yes'}"
Honda bike,Honda NX500,"Rs.18,201",Tyres and Brakes,"{'Front Brake Diameter': '296 mm', 'Rear Brake Diameter': '240 mm'}"
Honda bike,Honda NX500,"Rs.18,201",Motor & Battery,"{'Peak Power': '47.5 PS @ 8600 rpm', 'Drive Type': 'Chain drive', 'Battery Capacity': '12V / 7.4AH', 'Transmission': 'Manual'}"
Honda bike,Honda NX500,"Rs.18,201",Underpinnings,"{'Suspension Front': 'Showa 41mm USD Forks', 'Suspension Rear': 'Prolink Monoshock', 'Brakes Front': 'Double Disc', 'Brakes Rear': 'Disc', 'ABS': 'Dual Channel', 'Tyre Size': 'Front :-110/80-R19, Rear :-160/60-R17', 'Wheel Size': 'Front :-482.6 mm,Rear :-431.8 mm', 'Wheels Type': 'Alloy', 'Frame': 'Diamond Still', 'Tubeless Tyre': 'Tubeless'}"
Honda bike,Honda NX500,"Rs.18,201",What’s Included,{'Mobile Application': 'Yes'}
Honda bike,Honda CRF1100L Africa Twin,"Rs.48,708",Engine and Transmission,"{'Engine Type': 'Liquid-cooled, 4 Stroke, SI Engine, DCT', 'Displacement': '1082.96 cc', 'Max Torque': '103 Nm @ 6000 rpm', 'No. of Cylinders': '2', 'Cooling System': 'Liquid Cooled', 'Valve Per Cylinder': '4', 'Starting': 'Self Start Only', 'Fuel Supply': 'Fuel Injection', 'Clutch': '2 Multiplate Wet Clutches', 'Ignition': 'Electronic, digital transistor', 'Gear Box': 'Automatic Dual Clutch Transmission', 'Bore': '92 mm', 'Stroke': '81.455 mm', 'Compression Ratio': '10.0:1', 'Emission Type': 'bs6-2.0'}"
Honda bike,Honda CRF1100L Africa Twin,"Rs.48,708",Features,"{'Bluetooth Connectivity': 'Bluetooth', 'USB Charging Port': 'Yes', 'Cruise Control': 'Yes', 'Speedometer': 'Digital', 'Tripmeter': 'Digital', 'Odometer': 'Digital', 'Additional Features Of Variant': 'Honda Selectable Torque Control, Wheelie control, Throttle By Wire, Apple CarPlay, Android Auto, New Exhaust System', 'Seat Type': 'Split', 'Clock': 'Yes', 'Passenger Footrest': 'Yes'}"
Honda bike,Honda CRF1100L Africa Twin,"Rs.48,708",Features and Safety,"{'Switchable ABS': 'Yes', 'Speedometer': 'Digital', 'Odometer': 'Digital', 'Tripmeter': 'Digital', 'Fuel Gauge': 'Digital', 'Pass Switch': 'Yes', 'Clock': 'Yes', 'Riding Modes': 'Off-Road,Touring,Urban,Yes', 'Power Modes': 'Yes', 'Quick Shifter': 'Yes', 'Adjustable Windscreen': 'Yes', 'Additional Features': 'Honda Selectable Torque Control, Wheelie control, Throttle By Wire, Apple CarPlay, Android Auto, New Exhaust System', 'Passenger Footrest': 'Yes', 'Display': '6.5 inch TFT Touch screen'}"
Honda bike,Honda CRF1100L Africa Twin,"Rs.48,708",Mileage and Performance,{'Overall Mileage': '20 kmpl'}
Honda bike,Honda CRF1100L Africa Twin,"Rs.48,708",Chassis and Suspension,"{'Body Type': 'Adventure Tourer Bikes, Off Road Bikes'}"
Honda bike,Honda CRF1100L Africa Twin,"Rs.48,708",Dimensions and Capacity,"{'Width': '963 mm', 'Length': '2307 mm', 'Height': '1523 mm', 'Fuel Capacity': '24.5 L', 'Saddle Height': '810-830 mm', 'Ground Clearance': '210 mm', 'Wheelbase': '1558 mm', 'Kerb Weight': '249 kg'}"
Honda bike,Honda CRF1100L Africa Twin,"Rs.48,708",Electricals,"{'Headlight': 'LED', 'Tail Light': 'LED', 'Turn Signal Lamp': 'LED', 'DRLs': 'Yes', 'LED Tail Lights': 'Yes', 'Low Fuel Indicator': 'Yes'}"
Honda bike,Honda CRF1100L Africa Twin,"Rs.48,708",Tyres and Brakes,"{'Front Brake Diameter': '310 mm', 'Rear Brake Diameter': '256 mm', 'Front Tyre Pressure (Rider)': '29 psi', 'Front Tyre Pressure (Rider & Pillion)': '32 psi', 'Rear Tyre Pressure (Rider)': '36 psi', 'Rear Tyre Pressure (Rider & Pillion)': '41 psi'}"
Honda bike,Honda CRF1100L Africa Twin,"Rs.48,708",Motor & Battery,"{'Peak Power': '99.2 PS @ 7500 rpm', 'Drive Type': 'Chain Drive', 'Battery Type': 'Li-ion', 'Transmission': 'Manual'}"
Honda bike,Honda CRF1100L Africa Twin,"Rs.48,708",Charging,"{'Charging At Home': 'No', 'Charging At Charging Station': 'No'}"
Honda bike,Honda CRF1100L Africa Twin,"Rs.48,708",Underpinnings,"{'Suspension Front': 'Telescopic', 'Suspension Rear': 'Pro-Link', 'Brakes Front': 'Double Disc', 'Brakes Rear': 'Disc', 'ABS': 'Dual Channel', 'Tyre Size': 'Front :-90/90-21 Rear :-150/70-R18', 'Wheel Size': 'Front :-533.4 mm,Rear :-457.2 mm', 'Wheels Type': 'Spoke', 'Frame': 'Semi Double Cradle', 'Tubeless Tyre': 'Tube'}"
Honda bike,Honda XL750 Transalp,"Rs.30,422",Engine and Transmission,"{'Engine Type': 'Liquid-cooled OHC 4-stroke 8-valve Parallel Twin with 270° crank and uni-cam', 'Displacement': '755 cc', 'Max Torque': '75 Nm @ 7250 rpm', 'No. of Cylinders': '2', 'Cooling System': 'Liquid Cooled', 'Valve Per Cylinder': '4', 'Starting': 'Self Start Only', 'Fuel Supply': 'Fuel Injection', 'Clutch': 'Wet multiple, Assisted slipper clutch', 'Gear Box': '6 Speed', 'Bore': '87 mm', 'Stroke': '63.5 mm', 'Compression Ratio': '11.0:1', 'Emission Type': 'bs6-2.0'}"
Honda bike,Honda XL750 Transalp,"Rs.30,422",Features,"{'Instrument Console': 'Digital', 'Bluetooth Connectivity': 'Bluetooth', 'USB Charging Port': 'Yes', 'Speedometer': 'Digital', 'Tripmeter': 'Digital', 'Odometer': 'Digital', 'Additional Features Of Variant': 'Self Cancelling Indicators, Emergency Stop Signal, HISS', 'Seat Type': 'Split'}"
Honda bike,Honda XL750 Transalp,"Rs.30,422",Features and Safety,"{'Gradeability': '27?', 'Speedometer': 'Digital', 'Odometer': 'Digital', 'Tripmeter': 'Digital', 'Fuel Gauge': 'Digital', 'Additional Features': 'Self Cancelling Indicators, Emergency Stop Signal, HISS', 'Display': 'TFT'}"
Honda bike,Honda XL750 Transalp,"Rs.30,422",Mileage and Performance,{'Overall Mileage': '23 kmpl'}
Honda bike,Honda XL750 Transalp,"Rs.30,422",Chassis and Suspension,{'Body Type': 'Off Road Bikes'}
Honda bike,Honda XL750 Transalp,"Rs.30,422",Dimensions and Capacity,"{'Width': '838 mm', 'Length': '2325 mm', 'Height': '1450 mm', 'Fuel Capacity': '16.9 L', 'Saddle Height': '850 mm', 'Ground Clearance': '210 mm', 'Wheelbase': '1560 mm', 'Kerb Weight': '208 kg', 'Engine Oil': '3.9 L'}"
Honda bike,Honda XL750 Transalp,"Rs.30,422",Electricals,"{'Headlight': 'LED', 'Tail Light': 'LED', 'Turn Signal Lamp': 'LED'}"
Honda bike,Honda XL750 Transalp,"Rs.30,422",Tyres and Brakes,"{'Front Brake Diameter': '310 mm', 'Rear Brake Diameter': '256 mm'}"
Honda bike,Honda XL750 Transalp,"Rs.30,422",Motor & Battery,"{'Peak Power': '91.7 PS @ 9500r pm', 'Drive Type': 'Chain Drive', 'Transmission': 'Manual'}"
Honda bike,Honda XL750 Transalp,"Rs.30,422",Underpinnings,"{'Suspension Front': 'Showa 43mm SFF-CA USD, 200mm travel', 'Suspension Rear': 'Separate pressure, Pro-Link swingarm, 190mm travel', 'Brakes Front': 'Disc', 'Brakes Rear': 'Disc', 'ABS': 'Dual Channel', 'Tyre Size': 'Front :-90/90R-21 Rear :-150/70R-18', 'Wheel Size': 'Front :-533.4 mm,Rear :-457.2 mm', 'Wheels Type': 'Spoke', 'Frame': 'Steel diamond', 'Tubeless Tyre': 'Tube'}"
